episode,timestep,result,own_alive,enemy_alive,ep_steps,ep_reward,kills,deaths,act_hold,act_nav,act_frenzy,act_retreat,act_zone,act_split,act_merge,act_aggro,win_rate_100,avg_survivors_100,avg_ep_len_100,stage,timestamp
1,11,LOSS,0,3,11,-9.2600,47,50,3,5,3,0,0,0,0,0,0.000,0.0,11.0,1,23:30:10
2,20,LOSS,0,3,9,-9.2400,47,50,2,3,4,0,0,0,0,0,0.000,0.0,10.0,1,23:30:17
3,30,LOSS,0,2,10,-9.2000,48,50,4,3,3,0,0,0,0,0,0.000,0.0,10.0,1,23:30:24
4,39,LOSS,0,3,9,-9.2400,47,50,4,1,4,0,0,0,0,0,0.000,0.0,9.8,1,23:30:30
5,48,WIN,2,0,9,11.1700,50,48,3,1,5,0,0,0,0,0,0.200,2.0,9.6,1,23:30:36
6,59,LOSS,0,1,11,-9.1600,49,50,3,5,3,0,0,0,0,0,0.167,2.0,9.8,1,23:30:44
7,68,LOSS,0,4,9,-9.2900,46,50,4,1,4,0,0,0,0,0,0.143,2.0,9.7,1,23:30:50
8,78,WIN,1,0,10,11.0300,50,49,1,5,4,0,0,0,0,0,0.250,1.5,9.8,1,23:30:58
9,89,LOSS,0,1,11,-9.1600,49,50,4,2,5,0,0,0,0,0,0.222,1.5,9.9,1,23:31:05
10,98,LOSS,0,3,9,-9.2400,47,50,3,4,2,0,0,0,0,0,0.200,1.5,9.8,1,23:31:11
11,108,WIN,1,0,10,11.0300,50,49,5,3,2,0,0,0,0,0,0.273,1.3,9.8,1,23:31:18
12,117,WIN,4,0,9,11.4300,50,46,2,5,2,0,0,0,0,0,0.333,2.0,9.8,1,23:31:25
13,127,WIN,3,0,10,11.2900,50,47,5,2,3,0,0,0,0,0,0.385,2.2,9.8,1,23:31:32
14,139,LOSS,0,1,12,-9.1700,49,50,5,3,4,0,0,0,0,0,0.357,2.2,9.9,1,23:31:40
15,149,LOSS,0,2,10,-9.2000,48,50,1,4,5,0,0,0,0,0,0.333,2.2,9.9,1,23:31:47
16,160,LOSS,0,1,11,-9.1600,49,50,3,3,5,0,0,0,0,0,0.312,2.2,10.0,1,23:31:54
17,170,WIN,1,0,10,11.0300,50,49,5,0,5,0,0,0,0,0,0.353,2.0,10.0,1,23:32:01
18,179,WIN,3,0,9,11.3000,50,47,3,3,3,0,0,0,0,0,0.389,2.1,9.9,1,23:32:08
19,189,WIN,2,0,10,11.1600,50,48,3,3,4,0,0,0,0,0,0.421,2.1,9.9,1,23:32:15
20,199,WIN,2,0,10,11.1600,50,48,2,3,5,0,0,0,0,0,0.450,2.1,9.9,1,23:32:22
21,208,WIN,3,0,9,11.3000,50,47,3,3,3,0,0,0,0,0,0.476,2.2,9.9,1,23:32:28
22,218,WIN,3,0,10,11.2900,50,47,2,4,4,0,0,0,0,0,0.500,2.3,9.9,1,23:32:35
23,228,WIN,1,0,10,11.0300,50,49,6,2,2,0,0,0,0,0,0.522,2.2,9.9,1,23:32:42
24,238,WIN,3,0,10,11.2900,50,47,4,2,4,0,0,0,0,0,0.542,2.2,9.9,1,23:32:49
25,248,LOSS,0,1,10,-9.1500,49,50,3,1,6,0,0,0,0,0,0.520,2.2,9.9,1,23:32:56
26,257,LOSS,0,3,9,-9.2400,47,50,3,5,1,0,0,0,0,0,0.500,2.2,9.9,1,23:33:02
27,266,LOSS,0,2,9,-9.1900,48,50,2,4,3,0,0,0,0,0,0.481,2.2,9.9,1,23:33:09
28,277,WIN,1,0,11,11.0200,50,49,7,1,3,0,0,0,0,0,0.500,2.1,9.9,1,23:33:16
29,286,LOSS,0,1,9,-9.1400,49,50,3,4,2,0,0,0,0,0,0.483,2.1,9.9,1,23:33:23
30,296,LOSS,0,1,10,-9.1500,49,50,2,3,5,0,0,0,0,0,0.467,2.1,9.9,1,23:33:30
31,305,LOSS,0,5,9,-9.3400,45,50,4,2,3,0,0,0,0,0,0.452,2.1,9.8,1,23:33:36
32,315,LOSS,0,1,10,-9.1500,49,50,1,5,4,0,0,0,0,0,0.438,2.1,9.8,1,23:33:43
33,327,WIN,1,0,12,11.0100,50,49,5,5,2,0,0,0,0,0,0.455,2.1,9.9,1,23:33:51
34,337,WIN,1,0,10,11.0300,50,49,1,5,4,0,0,0,0,0,0.471,2.0,9.9,1,23:33:59
35,347,WIN,2,0,10,11.1600,50,48,6,4,0,0,0,0,0,0,0.486,2.0,9.9,1,23:34:06
36,356,WIN,3,0,9,11.3000,50,47,2,3,4,0,0,0,0,0,0.500,2.1,9.9,1,23:34:12
37,365,WIN,4,0,9,11.4300,50,46,3,4,2,0,0,0,0,0,0.514,2.2,9.9,1,23:34:18
38,374,WIN,3,0,9,11.3000,50,47,2,3,4,0,0,0,0,0,0.526,2.2,9.8,1,23:34:25
39,385,WIN,1,0,11,11.0200,50,49,3,7,1,0,0,0,0,0,0.538,2.1,9.9,1,23:34:32
40,395,WIN,2,0,10,11.1600,50,48,2,4,4,0,0,0,0,0,0.550,2.1,9.9,1,23:34:39
41,404,WIN,4,0,9,11.4300,50,46,3,1,5,0,0,0,0,0,0.561,2.2,9.9,1,23:34:46
42,413,WIN,3,0,9,11.3000,50,47,2,3,4,0,0,0,0,0,0.571,2.2,9.8,1,23:34:52
43,422,WIN,3,0,9,11.3000,50,47,2,6,1,0,0,0,0,0,0.581,2.3,9.8,1,23:34:59
44,432,WIN,2,0,10,11.1600,50,48,3,3,4,0,0,0,0,0,0.591,2.3,9.8,1,23:35:06
45,442,WIN,3,0,10,11.2900,50,47,5,2,3,0,0,0,0,0,0.600,2.3,9.8,1,23:35:12
46,451,WIN,2,0,9,11.1700,50,48,2,3,4,0,0,0,0,0,0.609,2.3,9.8,1,23:35:19
47,461,WIN,1,0,10,11.0300,50,49,3,3,4,0,0,0,0,0,0.617,2.2,9.8,1,23:35:26
48,470,WIN,2,0,9,11.1700,50,48,3,2,4,0,0,0,0,0,0.625,2.2,9.8,1,23:35:32
49,480,WIN,3,0,10,11.2900,50,47,4,2,4,0,0,0,0,0,0.633,2.3,9.8,1,23:35:39
50,489,WIN,3,0,9,11.3000,50,47,2,3,4,0,0,0,0,0,0.640,2.3,9.8,1,23:35:46
51,498,WIN,4,0,9,11.4300,50,46,2,3,4,0,0,0,0,0,0.647,2.3,9.8,1,23:35:52
52,509,WIN,1,0,11,11.0200,50,49,5,1,5,0,0,0,0,0,0.654,2.3,9.8,1,23:35:59
53,518,LOSS,0,3,9,-9.2400,47,50,4,3,2,0,0,0,0,0,0.642,2.3,9.8,1,23:36:06
54,528,LOSS,0,2,10,-9.2000,48,50,3,6,1,0,0,0,0,0,0.630,2.3,9.8,1,23:36:13
55,537,LOSS,0,2,9,-9.1900,48,50,3,4,2,0,0,0,0,0,0.618,2.3,9.8,1,23:36:19
56,547,LOSS,0,2,10,-9.2000,48,50,4,3,3,0,0,0,0,0,0.607,2.3,9.8,1,23:36:26
57,557,LOSS,0,3,10,-9.2500,47,50,3,1,6,0,0,0,0,0,0.596,2.3,9.8,1,23:36:33
58,567,WIN,1,0,10,11.0300,50,49,4,2,4,0,0,0,0,0,0.603,2.3,9.8,1,23:36:40
59,577,WIN,2,0,10,11.1600,50,48,1,5,4,0,0,0,0,0,0.610,2.2,9.8,1,23:36:47
60,586,WIN,5,0,9,11.5600,50,45,0,5,4,0,0,0,0,0,0.617,2.3,9.8,1,23:36:54
61,596,WIN,1,0,10,11.0300,50,49,2,6,2,0,0,0,0,0,0.623,2.3,9.8,1,23:37:00
62,605,WIN,4,0,9,11.4300,50,46,3,4,2,0,0,0,0,0,0.629,2.3,9.8,1,23:37:07
63,615,WIN,2,0,10,11.1600,50,48,3,4,3,0,0,0,0,0,0.635,2.3,9.8,1,23:37:14
64,625,WIN,2,0,10,11.1600,50,48,6,2,2,0,0,0,0,0,0.641,2.3,9.8,1,23:37:21
65,635,WIN,3,0,10,11.2900,50,47,3,2,5,0,0,0,0,0,0.646,2.3,9.8,1,23:37:28
66,645,LOSS,0,1,10,-9.1500,49,50,4,2,4,0,0,0,0,0,0.636,2.3,9.8,1,23:37:35
67,657,LOSS,0,1,12,-9.1700,49,50,1,7,4,0,0,0,0,0,0.627,2.3,9.8,1,23:37:43
68,668,LOSS,0,1,11,-9.1600,49,50,3,3,5,0,0,0,0,0,0.618,2.3,9.8,1,23:37:51
69,678,LOSS,0,1,10,-9.1500,49,50,3,2,5,0,0,0,0,0,0.609,2.3,9.8,1,23:37:58
70,687,LOSS,0,2,9,-9.1900,48,50,2,5,2,0,0,0,0,0,0.600,2.3,9.8,1,23:38:04
71,696,LOSS,0,3,9,-9.2400,47,50,6,3,0,0,0,0,0,0,0.592,2.3,9.8,1,23:38:10
72,707,WIN,2,0,11,11.1500,50,48,1,5,5,0,0,0,0,0,0.597,2.3,9.8,1,23:38:18
73,717,WIN,2,0,10,11.1600,50,48,4,4,2,0,0,0,0,0,0.603,2.3,9.8,1,23:38:25
74,728,LOSS,0,1,11,-9.1600,49,50,2,2,7,0,0,0,0,0,0.595,2.3,9.8,1,23:38:32
75,737,WIN,3,0,9,11.3000,50,47,3,3,3,0,0,0,0,0,0.600,2.3,9.8,1,23:38:39
76,747,WIN,1,0,10,11.0300,50,49,3,4,3,0,0,0,0,0,0.605,2.3,9.8,1,23:38:46
77,756,WIN,3,0,9,11.3000,50,47,3,2,4,0,0,0,0,0,0.610,2.3,9.8,1,23:38:52
78,766,LOSS,0,3,10,-9.2500,47,50,3,4,3,0,0,0,0,0,0.603,2.3,9.8,1,23:38:59
79,774,LOSS,0,4,8,-9.2800,46,50,3,3,2,0,0,0,0,0,0.595,2.3,9.8,1,23:39:05
80,785,WIN,2,0,11,11.1500,50,48,4,5,2,0,0,0,0,0,0.600,2.3,9.8,1,23:39:12
81,795,WIN,4,0,10,11.4200,50,46,3,4,3,0,0,0,0,0,0.605,2.3,9.8,1,23:39:19
82,805,LOSS,0,2,10,-9.2000,48,50,2,6,2,0,0,0,0,0,0.598,2.3,9.8,1,23:39:26
83,814,LOSS,0,3,9,-9.2400,47,50,3,4,2,0,0,0,0,0,0.590,2.3,9.8,1,23:39:33
84,823,LOSS,0,2,9,-9.1900,48,50,5,2,2,0,0,0,0,0,0.583,2.3,9.8,1,23:39:39
85,833,LOSS,0,2,10,-9.2000,48,50,1,5,4,0,0,0,0,0,0.576,2.3,9.8,1,23:39:46
86,843,WIN,3,0,10,11.2900,50,47,4,3,3,0,0,0,0,0,0.581,2.4,9.8,1,23:39:53
87,853,WIN,2,0,10,11.1600,50,48,2,2,6,0,0,0,0,0,0.586,2.4,9.8,1,23:40:00
88,862,WIN,3,0,9,11.3000,50,47,1,4,4,0,0,0,0,0,0.591,2.4,9.8,1,23:40:06
89,874,LOSS,0,1,12,-9.1700,49,50,2,7,3,0,0,0,0,0,0.584,2.4,9.8,1,23:40:14
90,883,LOSS,0,5,9,-9.3400,45,50,3,1,5,0,0,0,0,0,0.578,2.4,9.8,1,23:40:21
91,893,LOSS,0,3,10,-9.2500,47,50,5,2,3,0,0,0,0,0,0.571,2.4,9.8,1,23:40:28
92,902,LOSS,0,3,9,-9.2400,47,50,3,6,0,0,0,0,0,0,0.565,2.4,9.8,1,23:40:34
93,912,LOSS,0,2,10,-9.2000,48,50,4,4,2,0,0,0,0,0,0.559,2.4,9.8,1,23:40:41
94,921,LOSS,0,3,9,-9.2400,47,50,5,2,2,0,0,0,0,0,0.553,2.4,9.8,1,23:40:48
95,931,LOSS,0,3,10,-9.2500,47,50,5,3,2,0,0,0,0,0,0.547,2.4,9.8,1,23:40:55
96,941,WIN,2,0,10,11.1600,50,48,5,1,4,0,0,0,0,0,0.552,2.4,9.8,1,23:41:02
97,951,LOSS,0,1,10,-9.1500,49,50,2,1,7,0,0,0,0,0,0.546,2.4,9.8,1,23:41:09
98,961,WIN,3,0,10,11.2900,50,47,2,5,3,0,0,0,0,0,0.551,2.4,9.8,1,23:41:16
99,970,LOSS,0,1,9,-9.1400,49,50,3,3,3,0,0,0,0,0,0.545,2.4,9.8,1,23:41:22
100,981,LOSS,0,1,11,-9.1600,49,50,3,7,1,0,0,0,0,0,0.540,2.4,9.8,1,23:41:30
101,991,LOSS,0,1,10,-9.1500,49,50,2,6,2,0,0,0,0,0,0.540,2.4,9.8,1,23:41:36
102,1001,LOSS,0,3,10,-9.2500,47,50,2,5,3,0,0,0,0,0,0.540,2.4,9.8,1,23:41:44
103,1010,LOSS,0,3,9,-9.2400,47,50,2,5,2,0,0,0,0,0,0.540,2.4,9.8,1,23:41:50
104,1020,LOSS,0,2,10,-9.2000,48,50,1,4,5,0,0,0,0,0,0.540,2.4,9.8,1,23:41:57
105,1029,WIN,5,0,9,11.5600,50,45,4,3,2,0,0,0,0,0,0.540,2.4,9.8,1,23:42:03
106,1038,WIN,3,0,9,11.3000,50,47,6,1,2,0,0,0,0,0,0.550,2.4,9.8,1,23:42:10
107,1049,WIN,1,0,11,11.0200,50,49,3,5,3,0,0,0,0,0,0.560,2.4,9.8,1,23:42:17
108,1059,WIN,1,0,10,11.0300,50,49,6,1,3,0,0,0,0,0,0.560,2.4,9.8,1,23:42:24
109,1069,WIN,3,0,10,11.2900,50,47,6,2,2,0,0,0,0,0,0.570,2.4,9.8,1,23:42:31
110,1078,WIN,2,0,9,11.1700,50,48,1,2,6,0,0,0,0,0,0.580,2.4,9.8,1,23:42:37
111,1089,LOSS,0,1,11,-9.1600,49,50,4,5,2,0,0,0,0,0,0.570,2.4,9.8,1,23:42:45
112,1098,LOSS,0,3,9,-9.2400,47,50,3,2,4,0,0,0,0,0,0.560,2.4,9.8,1,23:42:51
113,1107,LOSS,0,4,9,-9.2900,46,50,2,4,3,0,0,0,0,0,0.550,2.4,9.8,1,23:42:58
114,1116,WIN,3,0,9,11.3000,50,47,1,4,4,0,0,0,0,0,0.560,2.4,9.8,1,23:43:04
115,1127,WIN,1,0,11,11.0200,50,49,6,4,1,0,0,0,0,0,0.570,2.4,9.8,1,23:43:11
116,1137,DRAW,0,0,10,-9.1000,50,50,5,2,3,0,0,0,0,0,0.570,2.4,9.8,1,23:43:18
117,1148,WIN,1,0,11,11.0200,50,49,5,3,3,0,0,0,0,0,0.570,2.4,9.8,1,23:43:26
118,1158,WIN,3,0,10,11.2900,50,47,5,3,2,0,0,0,0,0,0.570,2.4,9.8,1,23:43:33
119,1167,WIN,2,0,9,11.1700,50,48,2,5,2,0,0,0,0,0,0.570,2.4,9.8,1,23:43:39
120,1176,WIN,3,0,9,11.3000,50,47,2,4,3,0,0,0,0,0,0.570,2.4,9.8,1,23:43:46
121,1187,LOSS,0,2,11,-9.2100,48,50,6,3,2,0,0,0,0,0,0.560,2.4,9.8,1,23:43:53
122,1196,LOSS,0,3,9,-9.2400,47,50,3,2,4,0,0,0,0,0,0.550,2.4,9.8,1,23:44:00
123,1205,WIN,2,0,9,11.1700,50,48,4,2,3,0,0,0,0,0,0.550,2.4,9.8,1,23:44:06
124,1215,WIN,2,0,10,11.1600,50,48,4,4,2,0,0,0,0,0,0.550,2.4,9.8,1,23:44:13
125,1224,WIN,3,0,9,11.3000,50,47,2,4,3,0,0,0,0,0,0.560,2.4,9.8,1,23:44:19
126,1234,LOSS,0,1,10,-9.1500,49,50,1,3,6,0,0,0,0,0,0.560,2.4,9.8,1,23:44:26
127,1244,LOSS,0,1,10,-9.1500,49,50,2,2,6,0,0,0,0,0,0.560,2.4,9.8,1,23:44:33
128,1254,WIN,1,0,10,11.0300,50,49,3,3,4,0,0,0,0,0,0.560,2.4,9.8,1,23:44:40
129,1264,WIN,2,0,10,11.1600,50,48,2,4,4,0,0,0,0,0,0.570,2.4,9.8,1,23:44:47
130,1273,WIN,2,0,9,11.1700,50,48,3,4,2,0,0,0,0,0,0.580,2.4,9.8,1,23:44:54
131,1282,WIN,4,0,9,11.4300,50,46,3,2,4,0,0,0,0,0,0.590,2.4,9.8,1,23:45:00
132,1291,WIN,3,0,9,11.3000,50,47,1,3,5,0,0,0,0,0,0.600,2.4,9.8,1,23:45:06
133,1301,WIN,2,0,10,11.1600,50,48,3,5,2,0,0,0,0,0,0.600,2.4,9.7,1,23:45:13
134,1312,WIN,1,0,11,11.0200,50,49,7,2,2,0,0,0,0,0,0.600,2.4,9.8,1,23:45:21
135,1321,WIN,2,0,9,11.1700,50,48,2,1,6,0,0,0,0,0,0.600,2.4,9.7,1,23:45:27
136,1331,WIN,3,0,10,11.2900,50,47,2,5,3,0,0,0,0,0,0.600,2.4,9.8,1,23:45:34
137,1341,WIN,2,0,10,11.1600,50,48,5,3,2,0,0,0,0,0,0.600,2.4,9.8,1,23:45:41
138,1352,WIN,2,0,11,11.1500,50,48,2,3,6,0,0,0,0,0,0.600,2.4,9.8,1,23:45:49
139,1364,LOSS,0,1,12,-9.1700,49,50,4,3,5,0,0,0,0,0,0.590,2.4,9.8,1,23:45:57
140,1374,LOSS,0,2,10,-9.2000,48,50,2,3,5,0,0,0,0,0,0.580,2.4,9.8,1,23:46:04
141,1384,WIN,1,0,10,11.0300,50,49,1,4,5,0,0,0,0,0,0.580,2.4,9.8,1,23:46:11
142,1393,WIN,4,0,9,11.4300,50,46,1,6,2,0,0,0,0,0,0.580,2.4,9.8,1,23:46:17
143,1403,WIN,2,0,10,11.1600,50,48,5,2,3,0,0,0,0,0,0.580,2.4,9.8,1,23:46:24
144,1413,LOSS,0,1,10,-9.1500,49,50,2,2,6,0,0,0,0,0,0.570,2.4,9.8,1,23:46:31
145,1423,LOSS,0,2,10,-9.2000,48,50,6,2,2,0,0,0,0,0,0.560,2.4,9.8,1,23:46:38
146,1433,LOSS,0,2,10,-9.2000,48,50,5,3,2,0,0,0,0,0,0.550,2.4,9.8,1,23:46:45
147,1443,LOSS,0,3,10,-9.2500,47,50,1,2,7,0,0,0,0,0,0.540,2.4,9.8,1,23:46:52
148,1453,LOSS,0,1,10,-9.1500,49,50,1,3,6,0,0,0,0,0,0.530,2.4,9.8,1,23:46:59
149,1462,LOSS,0,3,9,-9.2400,47,50,8,0,1,0,0,0,0,0,0.520,2.4,9.8,1,23:47:05
150,1471,LOSS,0,3,9,-9.2400,47,50,3,3,3,0,0,0,0,0,0.510,2.4,9.8,1,23:47:12
151,1481,LOSS,0,1,10,-9.1500,49,50,3,3,4,0,0,0,0,0,0.500,2.3,9.8,1,23:47:19
152,1490,LOSS,0,2,9,-9.1900,48,50,3,4,2,0,0,0,0,0,0.490,2.4,9.8,1,23:47:25
153,1500,WIN,2,0,10,11.1600,50,48,4,3,3,0,0,0,0,0,0.500,2.4,9.8,1,23:47:32
154,1510,WIN,1,0,10,11.0300,50,49,3,2,5,0,0,0,0,0,0.510,2.3,9.8,1,23:47:39
155,1521,WIN,1,0,11,11.0200,50,49,4,3,4,0,0,0,0,0,0.520,2.3,9.8,1,23:47:47
156,1531,LOSS,0,2,10,-9.2000,48,50,4,0,6,0,0,0,0,0,0.520,2.3,9.8,1,23:47:54
157,1540,LOSS,0,4,9,-9.2900,46,50,2,4,3,0,0,0,0,0,0.520,2.3,9.8,1,23:48:00
158,1550,LOSS,0,2,10,-9.2000,48,50,0,3,7,0,0,0,0,0,0.510,2.3,9.8,1,23:48:07
159,1560,WIN,2,0,10,11.1600,50,48,7,0,3,0,0,0,0,0,0.510,2.3,9.8,1,23:48:14
160,1570,WIN,3,0,10,11.2900,50,47,4,2,4,0,0,0,0,0,0.510,2.3,9.8,1,23:48:21
161,1582,LOSS,0,1,12,-9.1700,49,50,4,6,2,0,0,0,0,0,0.500,2.3,9.9,1,23:48:29
162,1592,LOSS,0,2,10,-9.2000,48,50,1,6,3,0,0,0,0,0,0.490,2.3,9.9,1,23:48:36
163,1601,LOSS,0,3,9,-9.2400,47,50,3,3,3,0,0,0,0,0,0.480,2.3,9.9,1,23:48:43
164,1613,WIN,1,0,12,11.0100,50,49,4,3,5,0,0,0,0,0,0.480,2.3,9.9,1,23:48:51
165,1623,WIN,2,0,10,11.1600,50,48,4,0,6,0,0,0,0,0,0.480,2.2,9.9,1,23:48:58
166,1633,LOSS,0,1,10,-9.1500,49,50,2,4,4,0,0,0,0,0,0.480,2.2,9.9,1,23:49:05
167,1643,LOSS,0,1,10,-9.1500,49,50,3,6,1,0,0,0,0,0,0.480,2.2,9.9,1,23:49:12
168,1652,LOSS,0,5,9,-9.3400,45,50,0,4,5,0,0,0,0,0,0.480,2.2,9.8,1,23:49:18
169,1662,LOSS,0,2,10,-9.2000,48,50,3,3,4,0,0,0,0,0,0.480,2.2,9.8,1,23:49:25
170,1672,WIN,2,0,10,11.1600,50,48,3,2,5,0,0,0,0,0,0.490,2.2,9.8,1,23:49:32
171,1681,WIN,3,0,9,11.3000,50,47,3,2,4,0,0,0,0,0,0.500,2.3,9.8,1,23:49:39
172,1691,WIN,2,0,10,11.1600,50,48,3,3,4,0,0,0,0,0,0.500,2.3,9.8,1,23:49:46
173,1700,LOSS,0,2,9,-9.1900,48,50,6,2,1,0,0,0,0,0,0.490,2.3,9.8,1,23:49:52
174,1709,LOSS,0,4,9,-9.2900,46,50,4,2,3,0,0,0,0,0,0.490,2.3,9.8,1,23:49:59
175,1718,WIN,1,0,9,11.0400,50,49,4,3,2,0,0,0,0,0,0.490,2.2,9.8,1,23:50:05
176,1728,LOSS,0,3,10,-9.2500,47,50,3,6,1,0,0,0,0,0,0.480,2.2,9.8,1,23:50:12
177,1739,WIN,1,0,11,11.0200,50,49,4,4,3,0,0,0,0,0,0.480,2.2,9.8,1,23:50:20
178,1749,WIN,2,0,10,11.1600,50,48,3,3,4,0,0,0,0,0,0.490,2.2,9.8,1,23:50:27
179,1758,WIN,3,0,9,11.3000,50,47,1,6,2,0,0,0,0,0,0.500,2.2,9.8,1,23:50:33
180,1768,LOSS,0,2,10,-9.2000,48,50,6,1,3,0,0,0,0,0,0.490,2.2,9.8,1,23:50:40
181,1778,WIN,1,0,10,11.0300,50,49,4,2,4,0,0,0,0,0,0.490,2.2,9.8,1,23:50:47
182,1788,LOSS,0,2,10,-9.2000,48,50,4,2,4,0,0,0,0,0,0.490,2.2,9.8,1,23:50:54
183,1797,WIN,3,0,9,11.3000,50,47,7,0,2,0,0,0,0,0,0.500,2.2,9.8,1,23:51:01
184,1807,WIN,2,0,10,11.1600,50,48,3,3,4,0,0,0,0,0,0.510,2.2,9.8,1,23:51:08
185,1816,WIN,3,0,9,11.3000,50,47,2,4,3,0,0,0,0,0,0.520,2.2,9.8,1,23:51:14
186,1827,WIN,2,0,11,11.1500,50,48,3,3,5,0,0,0,0,0,0.520,2.2,9.8,1,23:51:22
187,1837,WIN,2,0,10,11.1600,50,48,4,4,2,0,0,0,0,0,0.520,2.2,9.8,1,23:51:29
188,1847,WIN,2,0,10,11.1600,50,48,4,5,1,0,0,0,0,0,0.520,2.2,9.8,1,23:51:36
189,1857,LOSS,0,1,10,-9.1500,49,50,2,4,4,0,0,0,0,0,0.520,2.2,9.8,1,23:51:43
190,1868,LOSS,0,1,11,-9.1600,49,50,4,5,2,0,0,0,0,0,0.520,2.2,9.8,1,23:51:50
191,1877,LOSS,0,3,9,-9.2400,47,50,3,4,2,0,0,0,0,0,0.520,2.2,9.8,1,23:51:57
192,1887,LOSS,0,2,10,-9.2000,48,50,3,2,5,0,0,0,0,0,0.520,2.2,9.8,1,23:52:04
193,1898,WIN,1,0,11,11.0200,50,49,2,7,2,0,0,0,0,0,0.530,2.1,9.9,1,23:52:11
194,1908,WIN,1,0,10,11.0300,50,49,5,0,5,0,0,0,0,0,0.540,2.1,9.9,1,23:52:18
195,1919,WIN,1,0,11,11.0200,50,49,6,3,2,0,0,0,0,0,0.550,2.1,9.9,1,23:52:26
196,1929,WIN,2,0,10,11.1600,50,48,3,4,3,0,0,0,0,0,0.550,2.1,9.9,1,23:52:33
197,1938,WIN,1,0,9,11.0400,50,49,1,6,2,0,0,0,0,0,0.560,2.1,9.9,1,23:52:39
198,1947,WIN,3,0,9,11.3000,50,47,5,2,2,0,0,0,0,0,0.560,2.1,9.9,1,23:52:46
199,1957,LOSS,0,1,10,-9.1500,49,50,4,3,3,0,0,0,0,0,0.560,2.1,9.9,1,23:52:53
200,1966,LOSS,0,2,9,-9.1900,48,50,3,4,2,0,0,0,0,0,0.560,2.1,9.8,1,23:52:59
201,1976,LOSS,0,2,10,-9.2000,48,50,3,4,3,0,0,0,0,0,0.560,2.1,9.8,1,23:53:06
202,1986,LOSS,0,2,10,-9.2000,48,50,3,1,6,0,0,0,0,0,0.560,2.1,9.8,1,23:53:13
203,1995,LOSS,0,3,9,-9.2400,47,50,4,3,2,0,0,0,0,0,0.560,2.1,9.8,1,23:53:19
204,2005,WIN,2,0,10,11.1600,50,48,4,4,2,0,0,0,0,0,0.570,2.1,9.8,1,23:53:26
205,2016,WIN,2,0,11,11.1500,50,48,3,0,8,0,0,0,0,0,0.570,2.0,9.9,1,23:53:34
206,2025,WIN,3,0,9,11.3000,50,47,2,3,4,0,0,0,0,0,0.570,2.0,9.9,1,23:53:40
207,2035,WIN,2,0,10,11.1600,50,48,2,4,4,0,0,0,0,0,0.570,2.0,9.9,1,23:53:47
208,2044,LOSS,0,1,9,-9.1400,49,50,2,3,4,0,0,0,0,0,0.560,2.1,9.8,1,23:53:54
209,2052,LOSS,0,2,8,-9.1800,48,50,1,3,4,0,0,0,0,0,0.550,2.0,9.8,1,23:54:00
210,2053,LOSS,0,2,1,-0.0100,48,50,0,0,1,0,0,0,0,0,0.540,2.0,9.8,1,23:54:02
211,2064,WIN,2,0,11,11.1500,50,48,7,3,1,0,0,0,0,0,0.550,2.0,9.8,1,23:54:09
212,2065,WIN,2,0,1,10.1900,50,48,0,0,1,0,0,0,0,0,0.560,2.0,9.7,1,23:54:11
213,2076,LOSS,0,1,11,-9.1600,49,50,4,2,5,0,0,0,0,0,0.560,2.0,9.7,1,23:54:19
214,2077,LOSS,0,1,1,-0.0100,49,50,0,1,0,0,0,0,0,0,0.550,2.0,9.6,1,23:54:20
215,2088,WIN,1,0,11,11.0200,50,49,4,1,6,0,0,0,0,0,0.550,2.0,9.6,1,23:54:28
216,2089,WIN,1,0,1,10.0900,50,49,0,0,1,0,0,0,0,0,0.560,2.0,9.5,1,23:54:30
217,2100,WIN,2,0,11,11.1500,50,48,3,1,7,0,0,0,0,0,0.560,2.0,9.5,1,23:54:37
218,2101,WIN,2,0,1,10.1900,50,48,0,0,1,0,0,0,0,0,0.560,2.0,9.4,1,23:54:39
219,2111,WIN,4,0,10,11.4200,50,46,5,3,2,0,0,0,0,0,0.560,2.0,9.4,1,23:54:46
220,2112,WIN,4,0,1,10.3900,50,46,0,1,0,0,0,0,0,0,0.560,2.1,9.4,1,23:54:48
221,2123,LOSS,0,2,11,-9.2100,48,50,4,2,5,0,0,0,0,0,0.560,2.1,9.4,1,23:54:55
222,2124,LOSS,0,2,1,-0.0100,48,50,0,1,0,0,0,0,0,0,0.560,2.1,9.3,1,23:54:57
223,2136,WIN,1,0,12,11.0100,50,49,6,5,1,0,0,0,0,0,0.560,2.0,9.3,1,23:55:05
224,2137,WIN,1,0,1,10.0900,50,49,0,0,1,0,0,0,0,0,0.560,2.0,9.2,1,23:55:07
225,2148,WIN,3,0,11,11.2800,50,47,2,5,4,0,0,0,0,0,0.560,2.0,9.2,1,23:55:15
226,2149,WIN,3,0,1,10.2900,50,47,0,0,1,0,0,0,0,0,0.570,2.0,9.2,1,23:55:16
227,2159,WIN,2,0,10,11.1600,50,48,4,3,3,0,0,0,0,0,0.580,2.0,9.2,1,23:55:23
228,2160,WIN,2,0,1,10.1900,50,48,1,0,0,0,0,0,0,0,0.580,2.1,9.1,1,23:55:25
229,2170,WIN,3,0,10,11.2900,50,47,1,4,5,0,0,0,0,0,0.580,2.1,9.1,1,23:55:32
230,2171,WIN,3,0,1,10.2900,50,47,0,0,1,0,0,0,0,0,0.580,2.1,9.0,1,23:55:34
231,2181,LOSS,0,4,10,-9.3000,46,50,3,5,2,0,0,0,0,0,0.570,2.1,9.0,1,23:55:41
232,2182,LOSS,0,4,1,-0.0100,46,50,0,0,1,0,0,0,0,0,0.560,2.0,8.9,1,23:55:42
233,2193,LOSS,0,2,11,-9.2100,48,50,4,5,2,0,0,0,0,0,0.550,2.0,8.9,1,23:55:50
234,2194,LOSS,0,2,1,-0.0100,48,50,1,0,0,0,0,0,0,0,0.540,2.1,8.8,1,23:55:52
235,2203,LOSS,0,4,9,-9.2900,46,50,4,2,3,0,0,0,0,0,0.530,2.1,8.8,1,23:55:58
236,2204,LOSS,0,4,1,-0.0100,46,50,0,0,1,0,0,0,0,0,0.520,2.0,8.7,1,23:56:00
237,2214,LOSS,0,1,10,-9.1500,49,50,2,2,6,0,0,0,0,0,0.510,2.0,8.7,1,23:56:07
238,2215,LOSS,0,1,1,-0.0100,49,50,0,1,0,0,0,0,0,0,0.500,2.0,8.6,1,23:56:09
239,2225,WIN,1,0,10,11.0300,50,49,6,2,2,0,0,0,0,0,0.510,2.0,8.6,1,23:56:15
240,2226,WIN,1,0,1,10.0900,50,49,0,1,0,0,0,0,0,0,0.520,2.0,8.5,1,23:56:17
241,2237,WIN,2,0,11,11.1500,50,48,8,2,1,0,0,0,0,0,0.520,2.0,8.5,1,23:56:25
242,2238,WIN,2,0,1,10.1900,50,48,0,0,1,0,0,0,0,0,0.520,2.0,8.4,1,23:56:27
243,2249,LOSS,0,2,11,-9.2100,48,50,4,3,4,0,0,0,0,0,0.510,2.0,8.5,1,23:56:34
244,2250,LOSS,0,2,1,-0.0100,48,50,1,0,0,0,0,0,0,0,0.510,2.0,8.4,1,23:56:36
245,2262,LOSS,0,1,12,-9.1700,49,50,2,4,6,0,0,0,0,0,0.510,2.0,8.4,1,23:56:44
246,2263,LOSS,0,1,1,-0.0100,49,50,1,0,0,0,0,0,0,0,0.510,2.0,8.3,1,23:56:46
247,2275,WIN,1,0,12,11.0100,50,49,6,3,3,0,0,0,0,0,0.520,2.0,8.3,1,23:56:54
248,2276,WIN,1,0,1,10.0900,50,49,0,1,0,0,0,0,0,0,0.530,1.9,8.2,1,23:56:56
249,2287,WIN,1,0,11,11.0200,50,49,3,3,5,0,0,0,0,0,0.540,1.9,8.2,1,23:57:03
250,2288,WIN,1,0,1,10.0900,50,49,0,0,1,0,0,0,0,0,0.550,1.9,8.2,1,23:57:05
251,2298,WIN,4,0,10,11.4200,50,46,2,3,5,0,0,0,0,0,0.560,1.9,8.2,1,23:57:12
252,2299,WIN,4,0,1,10.3900,50,46,0,0,1,0,0,0,0,0,0.570,2.0,8.1,1,23:57:14
253,2309,WIN,2,0,10,11.1600,50,48,3,3,4,0,0,0,0,0,0.570,2.0,8.1,1,23:57:21
254,2310,WIN,2,0,1,10.1900,50,48,1,0,0,0,0,0,0,0,0.570,2.0,8.0,1,23:57:22
255,2321,WIN,1,0,11,11.0200,50,49,3,3,5,0,0,0,0,0,0.570,2.0,8.0,1,23:57:30
256,2322,WIN,1,0,1,10.0900,50,49,1,0,0,0,0,0,0,0,0.580,2.0,7.9,1,23:57:32
257,2333,WIN,1,0,11,11.0200,50,49,4,4,3,0,0,0,0,0,0.590,2.0,7.9,1,23:57:39
258,2334,WIN,1,0,1,10.0900,50,49,0,0,1,0,0,0,0,0,0.600,1.9,7.8,1,23:57:41
259,2344,LOSS,0,3,10,-9.2500,47,50,4,3,3,0,0,0,0,0,0.590,1.9,7.8,1,23:57:48
260,2345,LOSS,0,3,1,-0.0100,47,50,0,1,0,0,0,0,0,0,0.580,1.9,7.8,1,23:57:50
261,2355,LOSS,0,4,10,-9.3000,46,50,2,4,4,0,0,0,0,0,0.580,1.9,7.7,1,23:57:57
262,2356,LOSS,0,4,1,-0.0100,46,50,0,1,0,0,0,0,0,0,0.580,1.9,7.6,1,23:57:58
263,2367,LOSS,0,2,11,-9.2100,48,50,5,2,4,0,0,0,0,0,0.580,1.9,7.7,1,23:58:06
264,2368,LOSS,0,2,1,-0.0100,48,50,1,0,0,0,0,0,0,0,0.570,1.9,7.5,1,23:58:08
265,2378,WIN,1,0,10,11.0300,50,49,3,2,5,0,0,0,0,0,0.570,1.9,7.5,1,23:58:15
266,2379,WIN,1,0,1,10.0900,50,49,0,1,0,0,0,0,0,0,0.580,1.9,7.5,1,23:58:16
267,2389,WIN,2,0,10,11.1600,50,48,4,4,2,0,0,0,0,0,0.590,1.9,7.5,1,23:58:23
268,2390,WIN,2,0,1,10.1900,50,48,1,0,0,0,0,0,0,0,0.600,1.9,7.4,1,23:58:25
269,2400,WIN,2,0,10,11.1600,50,48,1,3,6,0,0,0,0,0,0.610,1.9,7.4,1,23:58:32
270,2401,WIN,2,0,1,10.1900,50,48,1,0,0,0,0,0,0,0,0.610,1.9,7.3,1,23:58:34
271,2412,LOSS,0,2,11,-9.2100,48,50,4,1,6,0,0,0,0,0,0.600,1.9,7.3,1,23:58:41
272,2413,LOSS,0,2,1,-0.0100,48,50,0,0,1,0,0,0,0,0,0.590,1.9,7.2,1,23:58:43
273,2424,WIN,2,0,11,11.1500,50,48,4,2,5,0,0,0,0,0,0.600,1.9,7.2,1,23:58:51
274,2425,WIN,2,0,1,10.1900,50,48,1,0,0,0,0,0,0,0,0.610,1.9,7.2,1,23:58:52
275,2436,LOSS,0,3,11,-9.2600,47,50,1,6,4,0,0,0,0,0,0.600,1.9,7.2,1,23:59:00
276,2437,LOSS,0,3,1,-0.0100,47,50,0,1,0,0,0,0,0,0,0.600,1.9,7.1,1,23:59:02
277,2448,LOSS,0,2,11,-9.2100,48,50,4,4,3,0,0,0,0,0,0.590,1.9,7.1,1,23:59:09
278,2449,LOSS,0,2,1,-0.0100,48,50,0,0,1,0,0,0,0,0,0.580,1.9,7.0,1,23:59:11
279,2459,WIN,3,0,10,11.2900,50,47,5,2,3,0,0,0,0,0,0.580,1.9,7.0,1,23:59:18
280,2460,WIN,3,0,1,10.2900,50,47,1,0,0,0,0,0,0,0,0.590,1.9,6.9,1,23:59:20
281,2470,WIN,2,0,10,11.1600,50,48,1,3,6,0,0,0,0,0,0.590,2.0,6.9,1,23:59:27
282,2471,WIN,2,0,1,10.1900,50,48,1,0,0,0,0,0,0,0,0.600,2.0,6.8,1,23:59:29
283,2481,WIN,3,0,10,11.2900,50,47,1,4,5,0,0,0,0,0,0.600,2.0,6.8,1,23:59:35
284,2482,WIN,3,0,1,10.2900,50,47,0,0,1,0,0,0,0,0,0.600,2.0,6.8,1,23:59:37
285,2493,WIN,2,0,11,11.1500,50,48,4,2,5,0,0,0,0,0,0.600,2.0,6.8,1,23:59:45
286,2494,WIN,2,0,1,10.1900,50,48,1,0,0,0,0,0,0,0,0.600,2.0,6.7,1,23:59:47
287,2504,WIN,4,0,10,11.4200,50,46,3,3,4,0,0,0,0,0,0.600,2.0,6.7,1,23:59:53
288,2505,WIN,4,0,1,10.3900,50,46,0,0,1,0,0,0,0,0,0.600,2.0,6.6,1,23:59:55
289,2515,LOSS,0,2,10,-9.2000,48,50,6,2,2,0,0,0,0,0,0.600,2.0,6.6,1,00:00:02
290,2516,LOSS,0,2,1,-0.0100,48,50,0,0,1,0,0,0,0,0,0.600,2.0,6.5,1,00:00:04
291,2528,LOSS,0,2,12,-9.2200,48,50,1,5,6,0,0,0,0,0,0.600,2.0,6.5,1,00:00:12
292,2529,LOSS,0,2,1,-0.0100,48,50,1,0,0,0,0,0,0,0,0.600,2.0,6.4,1,00:00:14
293,2540,LOSS,0,2,11,-9.2100,48,50,6,2,3,0,0,0,0,0,0.590,2.1,6.4,1,00:00:21
294,2541,LOSS,0,2,1,-0.0100,48,50,0,0,1,0,0,0,0,0,0.580,2.1,6.3,1,00:00:23
295,2552,LOSS,0,3,11,-9.2600,47,50,3,5,3,0,0,0,0,0,0.570,2.1,6.3,1,00:00:31
296,2553,LOSS,0,3,1,-0.0100,47,50,0,0,1,0,0,0,0,0,0.560,2.1,6.2,1,00:00:32
297,2564,WIN,1,0,11,11.0200,50,49,7,1,3,0,0,0,0,0,0.560,2.1,6.3,1,00:00:40
298,2565,WIN,1,0,1,10.0900,50,49,0,1,0,0,0,0,0,0,0.560,2.1,6.2,1,00:00:42
299,2575,WIN,5,0,10,11.5500,50,45,5,2,3,0,0,0,0,0,0.570,2.1,6.2,1,00:00:49
300,2576,WIN,5,0,1,10.4900,50,45,0,0,1,0,0,0,0,0,0.580,2.2,6.1,1,00:00:50
301,2586,WIN,4,0,10,11.4200,50,46,3,2,5,0,0,0,0,0,0.590,2.2,6.1,1,00:00:57
302,2587,WIN,4,0,1,10.3900,50,46,1,0,0,0,0,0,0,0,0.600,2.2,6.0,1,00:00:59
303,2598,WIN,1,0,11,11.0200,50,49,5,1,5,0,0,0,0,0,0.610,2.2,6.0,1,00:01:07
304,2599,WIN,1,0,1,10.0900,50,49,0,0,1,0,0,0,0,0,0.610,2.2,5.9,1,00:01:08
305,2609,WIN,3,0,10,11.2900,50,47,4,3,3,0,0,0,0,0,0.610,2.2,5.9,1,00:01:15
306,2610,WIN,3,0,1,10.2900,50,47,0,1,0,0,0,0,0,0,0.610,2.2,5.8,1,00:01:17
307,2621,LOSS,0,1,11,-9.1600,49,50,1,4,6,0,0,0,0,0,0.600,2.2,5.9,1,00:01:25
308,2622,LOSS,0,1,1,-0.0100,49,50,0,1,0,0,0,0,0,0,0.600,2.2,5.8,1,00:01:26
309,2633,LOSS,0,1,11,-9.1600,49,50,3,3,5,0,0,0,0,0,0.600,2.2,5.8,1,00:01:34
310,2634,LOSS,0,1,1,-0.0100,49,50,1,0,0,0,0,0,0,0,0.600,2.2,5.8,1,00:01:36
311,2644,LOSS,0,2,10,-9.2000,48,50,3,2,5,0,0,0,0,0,0.590,2.2,5.8,1,00:01:43
312,2645,LOSS,0,2,1,-0.0100,48,50,0,0,1,0,0,0,0,0,0.580,2.2,5.8,1,00:01:44
313,2656,WIN,2,0,11,11.1500,50,48,2,5,4,0,0,0,0,0,0.590,2.2,5.8,1,00:01:52
314,2657,WIN,2,0,1,10.1900,50,48,0,1,0,0,0,0,0,0,0.600,2.2,5.8,1,00:01:54
315,2667,LOSS,0,2,10,-9.2000,48,50,3,2,5,0,0,0,0,0,0.590,2.2,5.8,1,00:02:01
316,2668,LOSS,0,2,1,-0.0100,48,50,0,0,1,0,0,0,0,0,0.580,2.2,5.8,1,00:02:02
317,2678,WIN,3,0,10,11.2900,50,47,3,5,2,0,0,0,0,0,0.580,2.3,5.8,1,00:02:09
318,2679,WIN,3,0,1,10.2900,50,47,0,0,1,0,0,0,0,0,0.580,2.3,5.8,1,00:02:11
319,2688,LOSS,0,2,9,-9.1900,48,50,4,3,2,0,0,0,0,0,0.570,2.2,5.8,1,00:02:18
320,2689,LOSS,0,2,1,-0.0100,48,50,0,0,1,0,0,0,0,0,0.560,2.2,5.8,1,00:02:19
321,2701,LOSS,0,1,12,-9.1700,49,50,6,1,5,0,0,0,0,0,0.560,2.2,5.8,1,00:02:28
322,2702,LOSS,0,1,1,-0.0100,49,50,0,0,1,0,0,0,0,0,0.560,2.2,5.8,1,00:02:29
323,2712,LOSS,0,3,10,-9.2500,47,50,5,1,4,0,0,0,0,0,0.550,2.2,5.8,1,00:02:36
324,2713,LOSS,0,3,1,-0.0100,47,50,0,1,0,0,0,0,0,0,0.540,2.3,5.8,1,00:02:38
325,2724,LOSS,0,2,11,-9.2100,48,50,3,4,4,0,0,0,0,0,0.530,2.2,5.8,1,00:02:46
326,2725,LOSS,0,2,1,-0.0100,48,50,0,0,1,0,0,0,0,0,0.520,2.2,5.8,1,00:02:47
327,2736,LOSS,0,1,11,-9.1600,49,50,1,4,6,0,0,0,0,0,0.510,2.2,5.8,1,00:02:55
328,2737,LOSS,0,1,1,-0.0100,49,50,1,0,0,0,0,0,0,0,0.500,2.2,5.8,1,00:02:57
329,2747,WIN,3,0,10,11.2900,50,47,6,2,2,0,0,0,0,0,0.500,2.2,5.8,1,00:03:04
330,2748,WIN,3,0,1,10.2900,50,47,0,0,1,0,0,0,0,0,0.500,2.2,5.8,1,00:03:05
331,2760,WIN,1,0,12,11.0100,50,49,4,5,3,0,0,0,0,0,0.510,2.2,5.8,1,00:03:14
332,2761,WIN,1,0,1,10.0900,50,49,0,0,1,0,0,0,0,0,0.520,2.2,5.8,1,00:03:15
333,2771,LOSS,0,4,10,-9.3000,46,50,5,4,1,0,0,0,0,0,0.520,2.2,5.8,1,00:03:22
334,2772,LOSS,0,4,1,-0.0100,46,50,1,0,0,0,0,0,0,0,0.520,2.2,5.8,1,00:03:24
335,2782,LOSS,0,4,10,-9.3000,46,50,1,4,5,0,0,0,0,0,0.520,2.2,5.8,1,00:03:31
336,2783,LOSS,0,4,1,-0.0100,46,50,0,1,0,0,0,0,0,0,0.520,2.2,5.8,1,00:03:33
337,2794,LOSS,0,1,11,-9.1600,49,50,4,3,4,0,0,0,0,0,0.520,2.2,5.8,1,00:03:40
338,2795,LOSS,0,1,1,-0.0100,49,50,0,0,1,0,0,0,0,0,0.520,2.2,5.8,1,00:03:42
339,2806,LOSS,0,2,11,-9.2100,48,50,1,5,5,0,0,0,0,0,0.510,2.2,5.8,1,00:03:50
340,2807,LOSS,0,2,1,-0.0100,48,50,0,1,0,0,0,0,0,0,0.500,2.2,5.8,1,00:03:51
341,2817,WIN,4,0,10,11.4200,50,46,3,1,6,0,0,0,0,0,0.500,2.3,5.8,1,00:03:58
342,2818,WIN,4,0,1,10.3900,50,46,0,1,0,0,0,0,0,0,0.500,2.3,5.8,1,00:04:00
343,2828,LOSS,0,2,10,-9.2000,48,50,6,1,3,0,0,0,0,0,0.500,2.3,5.8,1,00:04:07
344,2829,LOSS,0,2,1,-0.0100,48,50,0,1,0,0,0,0,0,0,0.500,2.3,5.8,1,00:04:09
345,2839,LOSS,0,2,10,-9.2000,48,50,4,2,4,0,0,0,0,0,0.500,2.3,5.8,1,00:04:16
346,2840,LOSS,0,2,1,-0.0100,48,50,0,1,0,0,0,0,0,0,0.500,2.3,5.8,1,00:04:18
347,2851,LOSS,0,2,11,-9.2100,48,50,5,5,1,0,0,0,0,0,0.490,2.3,5.8,1,00:04:25
348,2852,LOSS,0,2,1,-0.0100,48,50,0,1,0,0,0,0,0,0,0.480,2.4,5.8,1,00:04:27
349,2862,LOSS,0,3,10,-9.2500,47,50,1,5,4,0,0,0,0,0,0.470,2.4,5.8,1,00:04:34
350,2863,LOSS,0,3,1,-0.0100,47,50,0,1,0,0,0,0,0,0,0.460,2.4,5.8,1,00:04:36
351,2875,WIN,1,0,12,11.0100,50,49,1,4,7,0,0,0,0,0,0.460,2.4,5.8,1,00:04:44
352,2876,WIN,1,0,1,10.0900,50,49,1,0,0,0,0,0,0,0,0.460,2.3,5.8,1,00:04:46
353,2887,WIN,2,0,11,11.1500,50,48,3,4,4,0,0,0,0,0,0.460,2.3,5.8,1,00:04:53
354,2888,WIN,2,0,1,10.1900,50,48,0,0,1,0,0,0,0,0,0.460,2.3,5.8,1,00:04:55
355,2898,WIN,2,0,10,11.1600,50,48,1,4,5,0,0,0,0,0,0.460,2.3,5.8,1,00:05:02
356,2899,WIN,2,0,1,10.1900,50,48,1,0,0,0,0,0,0,0,0.460,2.3,5.8,1,00:05:04
357,2910,WIN,1,0,11,11.0200,50,49,5,2,4,0,0,0,0,0,0.460,2.3,5.8,1,00:05:11
358,2911,WIN,1,0,1,10.0900,50,49,1,0,0,0,0,0,0,0,0.460,2.3,5.8,1,00:05:13
359,2921,WIN,2,0,10,11.1600,50,48,4,3,3,0,0,0,0,0,0.470,2.3,5.8,1,00:05:20
360,2922,WIN,2,0,1,10.1900,50,48,0,1,0,0,0,0,0,0,0.480,2.3,5.8,1,00:05:22
361,2933,LOSS,0,1,11,-9.1600,49,50,4,2,5,0,0,0,0,0,0.480,2.3,5.8,1,00:05:29
362,2934,LOSS,0,1,1,-0.0100,49,50,0,0,1,0,0,0,0,0,0.480,2.3,5.8,1,00:05:31
363,2944,WIN,3,0,10,11.2900,50,47,3,2,5,0,0,0,0,0,0.490,2.3,5.8,1,00:05:38
364,2945,WIN,3,0,1,10.2900,50,47,0,0,1,0,0,0,0,0,0.500,2.4,5.8,1,00:05:40
365,2956,LOSS,0,1,11,-9.1600,49,50,1,8,2,0,0,0,0,0,0.490,2.4,5.8,1,00:05:48
366,2957,LOSS,0,1,1,-0.0100,49,50,0,0,1,0,0,0,0,0,0.480,2.4,5.8,1,00:05:49
367,2968,WIN,3,0,11,11.2800,50,47,0,5,6,0,0,0,0,0,0.480,2.4,5.8,1,00:05:57
368,2969,WIN,3,0,1,10.2900,50,47,0,1,0,0,0,0,0,0,0.480,2.5,5.8,1,00:05:59
369,2981,WIN,1,0,12,11.0100,50,49,3,2,7,0,0,0,0,0,0.480,2.4,5.8,1,00:06:07
370,2982,WIN,1,0,1,10.0900,50,49,0,0,1,0,0,0,0,0,0.480,2.4,5.8,1,00:06:09
371,2992,LOSS,0,1,10,-9.1500,49,50,5,2,3,0,0,0,0,0,0.480,2.4,5.8,1,00:06:16
372,2993,LOSS,0,1,1,-0.0100,49,50,0,0,1,0,0,0,0,0,0.480,2.4,5.8,1,00:06:17
373,3003,WIN,3,0,10,11.2900,50,47,1,7,2,0,0,0,0,0,0.480,2.4,5.8,1,00:06:24
374,3004,WIN,3,0,1,10.2900,50,47,0,1,0,0,0,0,0,0,0.480,2.5,5.8,1,00:06:26
375,3013,LOSS,0,3,9,-9.2400,47,50,3,2,4,0,0,0,0,0,0.480,2.5,5.8,1,00:06:33
376,3014,LOSS,0,3,1,-0.0100,47,50,1,0,0,0,0,0,0,0,0.480,2.5,5.8,1,00:06:34
377,3024,LOSS,0,2,10,-9.2000,48,50,4,3,3,0,0,0,0,0,0.480,2.5,5.8,1,00:06:41
378,3025,LOSS,0,2,1,-0.0100,48,50,1,0,0,0,0,0,0,0,0.480,2.5,5.8,1,00:06:43
379,3037,WIN,2,0,12,11.1400,50,48,6,1,5,0,0,0,0,0,0.480,2.4,5.8,1,00:06:51
380,3038,WIN,2,0,1,10.1900,50,48,0,0,1,0,0,0,0,0,0.480,2.4,5.8,1,00:06:53
381,3047,WIN,4,0,9,11.4300,50,46,1,3,5,0,0,0,0,0,0.480,2.5,5.8,1,00:06:59
382,3048,WIN,4,0,1,10.3900,50,46,0,0,1,0,0,0,0,0,0.480,2.5,5.8,1,00:07:01
383,3060,WIN,1,0,12,11.0100,50,49,2,0,10,0,0,0,0,0,0.480,2.5,5.8,1,00:07:09
384,3061,WIN,1,0,1,10.0900,50,49,0,1,0,0,0,0,0,0,0.480,2.4,5.8,1,00:07:11
385,3072,LOSS,0,3,11,-9.2600,47,50,0,6,5,0,0,0,0,0,0.470,2.4,5.8,1,00:07:19
386,3073,LOSS,0,3,1,-0.0100,47,50,0,0,1,0,0,0,0,0,0.460,2.4,5.8,1,00:07:20
387,3085,WIN,1,0,12,11.0100,50,49,4,3,5,0,0,0,0,0,0.460,2.4,5.8,1,00:07:29
388,3086,WIN,1,0,1,10.0900,50,49,0,1,0,0,0,0,0,0,0.460,2.3,5.8,1,00:07:30
389,3097,WIN,2,0,11,11.1500,50,48,5,3,3,0,0,0,0,0,0.470,2.3,5.8,1,00:07:38
390,3098,WIN,2,0,1,10.1900,50,48,0,1,0,0,0,0,0,0,0.480,2.3,5.8,1,00:07:40
391,3108,LOSS,0,1,10,-9.1500,49,50,1,2,7,0,0,0,0,0,0.480,2.3,5.8,1,00:07:47
392,3109,LOSS,0,1,1,-0.0100,49,50,1,0,0,0,0,0,0,0,0.480,2.3,5.8,1,00:07:49
393,3120,LOSS,0,1,11,-9.1600,49,50,6,2,3,0,0,0,0,0,0.480,2.3,5.8,1,00:07:56
394,3121,LOSS,0,1,1,-0.0100,49,50,0,1,0,0,0,0,0,0,0.480,2.3,5.8,1,00:07:58
395,3132,LOSS,0,1,11,-9.1600,49,50,5,3,3,0,0,0,0,0,0.480,2.3,5.8,1,00:08:05
396,3133,LOSS,0,1,1,-0.0100,49,50,0,0,1,0,0,0,0,0,0.480,2.3,5.8,1,00:08:07
397,3143,LOSS,0,2,10,-9.2000,48,50,4,1,5,0,0,0,0,0,0.470,2.3,5.8,1,00:08:14
398,3144,LOSS,0,2,1,-0.0100,48,50,1,0,0,0,0,0,0,0,0.460,2.3,5.8,1,00:08:16
399,3155,LOSS,0,1,11,-9.1600,49,50,3,3,5,0,0,0,0,0,0.450,2.3,5.8,1,00:08:24
400,3156,LOSS,0,1,1,-0.0100,49,50,1,0,0,0,0,0,0,0,0.440,2.2,5.8,1,00:08:25
401,3166,WIN,2,0,10,11.1600,50,48,4,4,2,0,0,0,0,0,0.440,2.2,5.8,1,00:08:32
402,3167,WIN,2,0,1,10.1900,50,48,0,1,0,0,0,0,0,0,0.440,2.1,5.8,1,00:08:34
403,3179,WIN,1,0,12,11.0100,50,49,6,4,2,0,0,0,0,0,0.440,2.1,5.8,1,00:08:42
404,3180,WIN,1,0,1,10.0900,50,49,1,0,0,0,0,0,0,0,0.440,2.1,5.8,1,00:08:44
405,3191,WIN,1,0,11,11.0200,50,49,3,3,5,0,0,0,0,0,0.440,2.1,5.8,1,00:08:52
406,3192,WIN,1,0,1,10.0900,50,49,0,1,0,0,0,0,0,0,0.440,2.0,5.8,1,00:08:53
407,3202,LOSS,0,3,10,-9.2500,47,50,4,1,5,0,0,0,0,0,0.440,2.0,5.8,1,00:09:00
408,3203,LOSS,0,3,1,-0.0100,47,50,1,0,0,0,0,0,0,0,0.440,2.0,5.8,1,00:09:02
409,3214,LOSS,0,3,11,-9.2600,47,50,5,2,4,0,0,0,0,0,0.440,2.0,5.8,1,00:09:10
410,3215,LOSS,0,3,1,-0.0100,47,50,0,1,0,0,0,0,0,0,0.440,2.0,5.8,1,00:09:12
411,3225,LOSS,0,1,10,-9.1500,49,50,5,4,1,0,0,0,0,0,0.440,2.0,5.8,1,00:09:19
412,3226,LOSS,0,1,1,-0.0100,49,50,1,0,0,0,0,0,0,0,0.440,2.0,5.8,1,00:09:20
413,3236,LOSS,0,1,10,-9.1500,49,50,0,5,5,0,0,0,0,0,0.430,2.0,5.8,1,00:09:28
414,3237,LOSS,0,1,1,-0.0100,49,50,0,1,0,0,0,0,0,0,0.420,2.0,5.8,1,00:09:29
415,3248,WIN,1,0,11,11.0200,50,49,5,3,3,0,0,0,0,0,0.430,2.0,5.8,1,00:09:37
416,3249,WIN,1,0,1,10.0900,50,49,1,0,0,0,0,0,0,0,0.440,2.0,5.8,1,00:09:39
417,3261,WIN,1,0,12,11.0100,50,49,7,2,3,0,0,0,0,0,0.440,2.0,5.8,1,00:09:47
418,3262,WIN,1,0,1,10.0900,50,49,1,0,0,0,0,0,0,0,0.440,1.9,5.8,1,00:09:49
419,3273,WIN,2,0,11,11.1500,50,48,4,3,4,0,0,0,0,0,0.450,1.9,5.8,1,00:09:56
420,3274,WIN,2,0,1,10.1900,50,48,0,0,1,0,0,0,0,0,0.460,1.9,5.8,1,00:09:58
421,3284,WIN,3,0,10,11.2900,50,47,4,2,4,0,0,0,0,0,0.470,1.9,5.8,1,00:10:05
422,3285,WIN,3,0,1,10.2900,50,47,0,1,0,0,0,0,0,0,0.480,2.0,5.8,1,00:10:07
423,3296,WIN,1,0,11,11.0200,50,49,4,1,6,0,0,0,0,0,0.490,1.9,5.8,1,00:10:14
424,3297,WIN,1,0,1,10.0900,50,49,1,0,0,0,0,0,0,0,0.500,1.9,5.8,1,00:10:16
425,3309,LOSS,0,1,12,-9.1700,49,50,4,5,3,0,0,0,0,0,0.500,1.9,5.8,1,00:10:24
426,3310,LOSS,0,1,1,-0.0100,49,50,0,1,0,0,0,0,0,0,0.500,1.9,5.8,1,00:10:26
427,3321,LOSS,0,3,11,-9.2600,47,50,5,1,5,0,0,0,0,0,0.500,1.9,5.8,1,00:10:33
428,3322,LOSS,0,3,1,-0.0100,47,50,0,1,0,0,0,0,0,0,0.500,1.9,5.8,1,00:10:35
429,3333,WIN,1,0,11,11.0200,50,49,2,5,4,0,0,0,0,0,0.500,1.9,5.9,1,00:10:43
430,3334,WIN,1,0,1,10.0900,50,49,0,1,0,0,0,0,0,0,0.500,1.8,5.9,1,00:10:45
431,3345,WIN,2,0,11,11.1500,50,48,7,2,2,0,0,0,0,0,0.500,1.9,5.8,1,00:10:52
432,3346,WIN,2,0,1,10.1900,50,48,0,0,1,0,0,0,0,0,0.500,1.9,5.8,1,00:10:54
433,3356,WIN,2,0,10,11.1600,50,48,5,3,2,0,0,0,0,0,0.510,1.9,5.8,1,00:11:01
434,3357,WIN,2,0,1,10.1900,50,48,0,1,0,0,0,0,0,0,0.520,1.9,5.8,1,00:11:03
435,3367,WIN,3,0,10,11.2900,50,47,4,2,4,0,0,0,0,0,0.530,1.9,5.8,1,00:11:10
436,3368,WIN,3,0,1,10.2900,50,47,0,1,0,0,0,0,0,0,0.540,1.9,5.8,1,00:11:12
437,3379,LOSS,0,1,11,-9.1600,49,50,4,4,3,0,0,0,0,0,0.540,1.9,5.8,1,00:11:19
438,3380,LOSS,0,1,1,-0.0100,49,50,0,0,1,0,0,0,0,0,0.540,1.9,5.8,1,00:11:21
439,3391,LOSS,0,2,11,-9.2100,48,50,1,3,7,0,0,0,0,0,0.540,1.9,5.8,1,00:11:28
440,3392,LOSS,0,2,1,-0.0100,48,50,1,0,0,0,0,0,0,0,0.540,1.9,5.8,1,00:11:30
441,3405,WIN,1,0,13,11.0000,50,49,7,3,3,0,0,0,0,0,0.540,1.9,5.9,1,00:11:39
442,3406,WIN,1,0,1,10.0900,50,49,1,0,0,0,0,0,0,0,0.540,1.8,5.9,1,00:11:41
443,3416,LOSS,0,3,10,-9.2500,47,50,6,2,2,0,0,0,0,0,0.540,1.8,5.9,1,00:11:48
444,3417,LOSS,0,3,1,-0.0100,47,50,0,1,0,0,0,0,0,0,0.540,1.8,5.9,1,00:11:50
445,3429,WIN,1,0,12,11.0100,50,49,9,1,2,0,0,0,0,0,0.550,1.8,5.9,1,00:11:58
446,3430,WIN,1,0,1,10.0900,50,49,0,1,0,0,0,0,0,0,0.560,1.8,5.9,1,00:11:59
447,3442,WIN,2,0,12,11.1400,50,48,4,7,1,0,0,0,0,0,0.570,1.8,5.9,1,00:12:08
448,3443,WIN,2,0,1,10.1900,50,48,1,0,0,0,0,0,0,0,0.580,1.8,5.9,1,00:12:09
449,3454,LOSS,0,2,11,-9.2100,48,50,5,3,3,0,0,0,0,0,0.580,1.8,5.9,1,00:12:17
450,3455,LOSS,0,2,1,-0.0100,48,50,0,0,1,0,0,0,0,0,0.580,1.8,5.9,1,00:12:19
451,3466,LOSS,0,3,11,-9.2600,47,50,4,5,2,0,0,0,0,0,0.570,1.8,5.9,1,00:12:26
452,3467,LOSS,0,3,1,-0.0100,47,50,0,0,1,0,0,0,0,0,0.560,1.8,5.9,1,00:12:28
453,3478,WIN,1,0,11,11.0200,50,49,3,4,4,0,0,0,0,0,0.560,1.8,5.9,1,00:12:36
454,3479,WIN,1,0,1,10.0900,50,49,0,0,1,0,0,0,0,0,0.560,1.8,5.9,1,00:12:38
455,3491,LOSS,0,2,12,-9.2200,48,50,3,2,7,0,0,0,0,0,0.550,1.8,5.9,1,00:12:46
456,3492,LOSS,0,2,1,-0.0100,48,50,0,1,0,0,0,0,0,0,0.540,1.8,5.9,1,00:12:48
457,3503,WIN,1,0,11,11.0200,50,49,3,3,5,0,0,0,0,0,0.540,1.8,5.9,1,00:12:55
458,3504,WIN,1,0,1,10.0900,50,49,0,1,0,0,0,0,0,0,0.540,1.8,5.9,1,00:12:57
459,3515,LOSS,0,2,11,-9.2100,48,50,5,2,4,0,0,0,0,0,0.530,1.8,5.9,1,00:13:05
460,3516,LOSS,0,2,1,-0.0100,48,50,0,0,1,0,0,0,0,0,0.520,1.8,5.9,1,00:13:06
461,3526,WIN,1,0,10,11.0300,50,49,5,2,3,0,0,0,0,0,0.530,1.8,5.9,1,00:13:13
462,3527,WIN,1,0,1,10.0900,50,49,0,1,0,0,0,0,0,0,0.540,1.7,5.9,1,00:13:15
463,3538,LOSS,0,2,11,-9.2100,48,50,5,2,4,0,0,0,0,0,0.530,1.7,5.9,1,00:13:23
464,3539,LOSS,0,2,1,-0.0100,48,50,1,0,0,0,0,0,0,0,0.520,1.7,5.9,1,00:13:25
465,3550,WIN,2,0,11,11.1500,50,48,4,2,5,0,0,0,0,0,0.530,1.7,5.9,1,00:13:32
466,3551,WIN,2,0,1,10.1900,50,48,1,0,0,0,0,0,0,0,0.540,1.7,5.9,1,00:13:34
467,3562,WIN,2,0,11,11.1500,50,48,5,4,2,0,0,0,0,0,0.540,1.7,5.9,1,00:13:42
468,3563,WIN,2,0,1,10.1900,50,48,1,0,0,0,0,0,0,0,0.540,1.7,5.9,1,00:13:43
469,3573,WIN,2,0,10,11.1600,50,48,2,4,4,0,0,0,0,0,0.540,1.7,5.9,1,00:13:50
470,3574,WIN,2,0,1,10.1900,50,48,0,1,0,0,0,0,0,0,0.540,1.7,5.9,1,00:13:52
471,3584,LOSS,0,4,10,-9.3000,46,50,2,3,5,0,0,0,0,0,0.540,1.7,5.9,1,00:13:59
472,3585,LOSS,0,4,1,-0.0100,46,50,0,0,1,0,0,0,0,0,0.540,1.7,5.9,1,00:14:01
473,3596,WIN,1,0,11,11.0200,50,49,6,1,4,0,0,0,0,0,0.540,1.7,5.9,1,00:14:08
474,3597,WIN,1,0,1,10.0900,50,49,0,0,1,0,0,0,0,0,0.540,1.6,5.9,1,00:14:10
475,3608,WIN,1,0,11,11.0200,50,49,6,2,3,0,0,0,0,0,0.550,1.6,6.0,1,00:14:18
476,3609,WIN,1,0,1,10.0900,50,49,0,0,1,0,0,0,0,0,0.560,1.6,6.0,1,00:14:20
477,3620,WIN,2,0,11,11.1500,50,48,0,5,6,0,0,0,0,0,0.570,1.6,6.0,1,00:14:27
478,3621,WIN,2,0,1,10.1900,50,48,0,0,1,0,0,0,0,0,0.580,1.6,6.0,1,00:14:29
479,3632,LOSS,0,1,11,-9.1600,49,50,4,2,5,0,0,0,0,0,0.570,1.6,6.0,1,00:14:37
480,3633,LOSS,0,1,1,-0.0100,49,50,0,1,0,0,0,0,0,0,0.560,1.6,6.0,1,00:14:38
481,3645,LOSS,0,2,12,-9.2200,48,50,0,7,5,0,0,0,0,0,0.550,1.6,6.0,1,00:14:47
482,3646,LOSS,0,2,1,-0.0100,48,50,0,0,1,0,0,0,0,0,0.540,1.5,6.0,1,00:14:48
483,3658,LOSS,0,1,12,-9.1700,49,50,4,2,6,0,0,0,0,0,0.530,1.5,6.0,1,00:14:56
484,3659,LOSS,0,1,1,-0.0100,49,50,0,0,1,0,0,0,0,0,0.520,1.5,6.0,1,00:14:58
485,3670,WIN,3,0,11,11.2800,50,47,5,4,2,0,0,0,0,0,0.530,1.6,6.0,1,00:15:06
486,3671,WIN,3,0,1,10.2900,50,47,0,1,0,0,0,0,0,0,0.540,1.6,6.0,1,00:15:08
487,3681,WIN,3,0,10,11.2900,50,47,4,1,5,0,0,0,0,0,0.540,1.6,6.0,1,00:15:15
488,3682,WIN,3,0,1,10.2900,50,47,0,0,1,0,0,0,0,0,0.540,1.7,6.0,1,00:15:16
489,3692,WIN,1,0,10,11.0300,50,49,3,5,2,0,0,0,0,0,0.540,1.6,6.0,1,00:15:23
490,3693,WIN,1,0,1,10.0900,50,49,1,0,0,0,0,0,0,0,0.540,1.6,6.0,1,00:15:25
491,3703,LOSS,0,2,10,-9.2000,48,50,6,1,3,0,0,0,0,0,0.540,1.6,6.0,1,00:15:32
492,3704,LOSS,0,2,1,-0.0100,48,50,0,1,0,0,0,0,0,0,0.540,1.6,6.0,1,00:15:34
493,3714,LOSS,0,3,10,-9.2500,47,50,3,5,2,0,0,0,0,0,0.540,1.6,5.9,1,00:15:41
494,3715,LOSS,0,3,1,-0.0100,47,50,0,0,1,0,0,0,0,0,0.540,1.6,5.9,1,00:15:43
495,3725,LOSS,0,3,10,-9.2500,47,50,3,2,5,0,0,0,0,0,0.540,1.6,5.9,1,00:15:50
496,3726,LOSS,0,3,1,-0.0100,47,50,0,0,1,0,0,0,0,0,0.540,1.6,5.9,1,00:15:52
497,3737,DRAW,0,0,11,-9.1100,50,50,7,2,2,0,0,0,0,0,0.540,1.6,5.9,1,00:15:59
498,3738,DRAW,0,0,1,-0.0100,50,50,1,0,0,0,0,0,0,0,0.540,1.6,5.9,1,00:16:01
499,3749,LOSS,0,1,11,-9.1600,49,50,4,5,2,0,0,0,0,0,0.540,1.6,5.9,1,00:16:09
500,3750,LOSS,0,1,1,-0.0100,49,50,0,0,1,0,0,0,0,0,0.540,1.6,5.9,1,00:16:10
501,3759,LOSS,0,3,9,-9.2400,47,50,1,3,5,0,0,0,0,0,0.530,1.6,5.9,1,00:16:17
502,3760,LOSS,0,3,1,-0.0100,47,50,0,1,0,0,0,0,0,0,0.520,1.6,5.9,1,00:16:19
503,3771,LOSS,0,2,11,-9.2100,48,50,2,1,8,0,0,0,0,0,0.510,1.6,5.9,1,00:16:26
504,3772,LOSS,0,2,1,-0.0100,48,50,1,0,0,0,0,0,0,0,0.500,1.6,5.9,1,00:16:28
505,3782,LOSS,0,2,10,-9.2000,48,50,5,3,2,0,0,0,0,0,0.490,1.7,5.9,1,00:16:35
506,3783,LOSS,0,2,1,-0.0100,48,50,0,1,0,0,0,0,0,0,0.480,1.7,5.9,1,00:16:37
507,3794,LOSS,0,2,11,-9.2100,48,50,4,3,4,0,0,0,0,0,0.480,1.7,5.9,1,00:16:45
508,3795,LOSS,0,2,1,-0.0100,48,50,1,0,0,0,0,0,0,0,0.480,1.7,5.9,1,00:16:46
509,3805,LOSS,0,3,10,-9.2500,47,50,4,1,5,0,0,0,0,0,0.480,1.7,5.9,1,00:16:53
510,3806,LOSS,0,3,1,-0.0100,47,50,0,0,1,0,0,0,0,0,0.480,1.7,5.9,1,00:16:55
511,3816,LOSS,0,3,10,-9.2500,47,50,3,2,5,0,0,0,0,0,0.480,1.7,5.9,1,00:17:02
512,3817,LOSS,0,3,1,-0.0100,47,50,1,0,0,0,0,0,0,0,0.480,1.7,5.9,1,00:17:04
513,3827,WIN,4,0,10,11.4200,50,46,1,6,3,0,0,0,0,0,0.490,1.7,5.9,1,00:17:11
514,3828,WIN,4,0,1,10.3900,50,46,0,1,0,0,0,0,0,0,0.500,1.8,5.9,1,00:17:13
515,3838,LOSS,0,4,10,-9.3000,46,50,3,2,5,0,0,0,0,0,0.490,1.8,5.9,1,00:17:20
516,3839,LOSS,0,4,1,-0.0100,46,50,1,0,0,0,0,0,0,0,0.480,1.8,5.9,1,00:17:21
517,3849,LOSS,0,1,10,-9.1500,49,50,4,2,4,0,0,0,0,0,0.470,1.8,5.9,1,00:17:28
518,3850,LOSS,0,1,1,-0.0100,49,50,0,0,1,0,0,0,0,0,0.460,1.8,5.9,1,00:17:30
519,3862,WIN,1,0,12,11.0100,50,49,5,4,3,0,0,0,0,0,0.460,1.8,5.9,1,00:17:38
520,3863,WIN,1,0,1,10.0900,50,49,0,0,1,0,0,0,0,0,0.460,1.8,5.9,1,00:17:40
521,3874,WIN,2,0,11,11.1500,50,48,4,2,5,0,0,0,0,0,0.460,1.8,5.9,1,00:17:48
522,3875,WIN,2,0,1,10.1900,50,48,1,0,0,0,0,0,0,0,0.460,1.7,5.9,1,00:17:50
523,3885,LOSS,0,3,10,-9.2500,47,50,2,0,8,0,0,0,0,0,0.450,1.8,5.9,1,00:17:57
524,3886,LOSS,0,3,1,-0.0100,47,50,1,0,0,0,0,0,0,0,0.440,1.8,5.9,1,00:17:58
525,3897,LOSS,0,2,11,-9.2100,48,50,3,4,4,0,0,0,0,0,0.440,1.8,5.9,1,00:18:06
526,3898,LOSS,0,2,1,-0.0100,48,50,1,0,0,0,0,0,0,0,0.440,1.8,5.9,1,00:18:08
527,3908,LOSS,0,3,10,-9.2500,47,50,1,3,6,0,0,0,0,0,0.440,1.8,5.9,1,00:18:15
528,3909,LOSS,0,3,1,-0.0100,47,50,0,1,0,0,0,0,0,0,0.440,1.8,5.9,1,00:18:17
529,3920,WIN,1,0,11,11.0200,50,49,2,3,6,0,0,0,0,0,0.440,1.8,5.9,1,00:18:24
530,3921,WIN,1,0,1,10.0900,50,49,0,1,0,0,0,0,0,0,0.440,1.8,5.9,1,00:18:26
531,3931,LOSS,0,3,10,-9.2500,47,50,3,3,4,0,0,0,0,0,0.430,1.8,5.9,1,00:18:33
532,3932,LOSS,0,3,1,-0.0100,47,50,0,1,0,0,0,0,0,0,0.420,1.8,5.9,1,00:18:35
533,3943,LOSS,0,3,11,-9.2600,47,50,4,2,5,0,0,0,0,0,0.410,1.8,5.9,1,00:18:42
534,3944,LOSS,0,3,1,-0.0100,47,50,0,0,1,0,0,0,0,0,0.400,1.8,5.9,1,00:18:44
535,3954,WIN,3,0,10,11.2900,50,47,4,3,3,0,0,0,0,0,0.400,1.8,5.9,1,00:18:51
536,3955,WIN,3,0,1,10.2900,50,47,0,0,1,0,0,0,0,0,0.400,1.8,5.9,1,00:18:53
537,3966,LOSS,0,3,11,-9.2600,47,50,4,2,5,0,0,0,0,0,0.400,1.8,5.9,1,00:19:00
538,3967,LOSS,0,3,1,-0.0100,47,50,0,0,1,0,0,0,0,0,0.400,1.8,5.9,1,00:19:02
539,3977,LOSS,0,2,10,-9.2000,48,50,3,3,4,0,0,0,0,0,0.400,1.8,5.9,1,00:19:09
540,3978,LOSS,0,2,1,-0.0100,48,50,1,0,0,0,0,0,0,0,0.400,1.8,5.9,1,00:19:11
541,3989,WIN,2,0,11,11.1500,50,48,4,4,3,0,0,0,0,0,0.400,1.8,5.8,1,00:19:19
542,3990,WIN,2,0,1,10.1900,50,48,1,0,0,0,0,0,0,0,0.400,1.8,5.8,1,00:19:20
543,4001,WIN,2,0,11,11.1500,50,48,4,2,5,0,0,0,0,0,0.410,1.8,5.8,1,00:19:28
544,4002,WIN,2,0,1,10.1900,50,48,1,0,0,0,0,0,0,0,0.420,1.8,5.8,1,00:19:30
545,4014,LOSS,0,1,12,-9.1700,49,50,4,4,4,0,0,0,0,0,0.410,1.8,5.8,1,00:19:38
546,4015,LOSS,0,1,1,-0.0100,49,50,1,0,0,0,0,0,0,0,0.400,1.9,5.8,1,00:19:40
547,4025,LOSS,0,3,10,-9.2500,47,50,5,2,3,0,0,0,0,0,0.390,1.8,5.8,1,00:19:47
548,4026,LOSS,0,3,1,-0.0100,47,50,0,1,0,0,0,0,0,0,0.380,1.8,5.8,1,00:19:49
549,4036,WIN,3,0,10,11.2900,50,47,4,2,4,0,0,0,0,0,0.390,1.9,5.8,1,00:19:56
550,4037,WIN,3,0,1,10.2900,50,47,0,1,0,0,0,0,0,0,0.400,1.9,5.8,1,00:19:58
551,4047,LOSS,0,2,10,-9.2000,48,50,4,3,3,0,0,0,0,0,0.400,1.9,5.8,1,00:20:05
552,4048,LOSS,0,2,1,-0.0100,48,50,0,1,0,0,0,0,0,0,0.400,1.9,5.8,1,00:20:07
553,4058,LOSS,0,2,10,-9.2000,48,50,4,3,3,0,0,0,0,0,0.390,1.9,5.8,1,00:20:14
554,4059,LOSS,0,2,1,-0.0100,48,50,0,0,1,0,0,0,0,0,0.380,1.9,5.8,1,00:20:15
555,4071,LOSS,0,2,12,-9.2200,48,50,1,5,6,0,0,0,0,0,0.380,1.9,5.8,1,00:20:24
556,4072,LOSS,0,2,1,-0.0100,48,50,1,0,0,0,0,0,0,0,0.380,1.9,5.8,1,00:20:25
557,4083,WIN,2,0,11,11.1500,50,48,5,3,3,0,0,0,0,0,0.380,2.0,5.8,1,00:20:33
558,4084,WIN,2,0,1,10.1900,50,48,0,1,0,0,0,0,0,0,0.380,2.0,5.8,1,00:20:35
559,4094,LOSS,0,1,10,-9.1500,49,50,5,2,3,0,0,0,0,0,0.380,2.0,5.8,1,00:20:42
560,4095,LOSS,0,1,1,-0.0100,49,50,0,1,0,0,0,0,0,0,0.380,2.0,5.8,1,00:20:44
561,4104,WIN,1,0,9,11.0400,50,49,2,6,1,0,0,0,0,0,0.380,2.0,5.8,1,00:20:51
562,4105,WIN,1,0,1,10.0900,50,49,0,0,1,0,0,0,0,0,0.380,2.0,5.8,1,00:20:52
563,4117,LOSS,0,2,12,-9.2200,48,50,4,4,4,0,0,0,0,0,0.380,2.0,5.8,1,00:21:01
564,4118,LOSS,0,2,1,-0.0100,48,50,0,0,1,0,0,0,0,0,0.380,2.0,5.8,1,00:21:02
565,4128,LOSS,0,3,10,-9.2500,47,50,4,3,3,0,0,0,0,0,0.370,2.0,5.8,1,00:21:09
566,4129,LOSS,0,3,1,-0.0100,47,50,0,0,1,0,0,0,0,0,0.360,2.0,5.8,1,00:21:11
567,4139,WIN,2,0,10,11.1600,50,48,3,4,3,0,0,0,0,0,0.360,2.0,5.8,1,00:21:18
568,4140,WIN,2,0,1,10.1900,50,48,0,1,0,0,0,0,0,0,0.360,2.0,5.8,1,00:21:20
